Parceiro;Procedimento;Valor_particular;Valor_repasse;Data da atualização;Valor_venda;Valor_Promoção;Sem_Nota;CÓDIGO
César Lamark;Lipo Safer (Abdômen, Flancos, Costas, Braços, Coxas e Monte De Vênus) + Enxertia; R$ 34.375,00 ; R$ 27.500,00 ;09/07/2025;; R$ 23.500,00 ;;César LamarkLipo Safer (Abdômen, Flancos, Costas, Braços, Coxas e Monte De Vênus) + Enxertia
César Lamark;Lipo Safer (Abdômen, Flancos e costas) + Enxertia; R$ 20.000,00 ; R$ 16.000,00 ;02/06/2025;; R$ 23.500,00 ;;César LamarkLipo Safer (Abdômen, Flancos e costas) + Enxertia
César Lamark;Lipo Safer (Abdômen, Flancos e costas); R$ 18.000,00 ; R$ 14.400,00 ;02/06/2025;; R$ 11.000,00 ;;César LamarkLipo Safer (Abdômen, Flancos e costas)
César Lamark;Lipo Safer (Abdômen, Flancos e Dorso) + Braço; R$ 21.750,00 ; R$ 17.400,00 ;09/07/2025;;;;César LamarkLipo Safer (Abdômen, Flancos e Dorso) + Braço
César Lamark;Lipo Safer (Abdômen E Flancos) + Enxertia; R$ 18.125,00 ; R$ 14.500,00 ;02/06/2025;; R$ 13.500,00 ;;César LamarkLipo Safer (Abdômen E Flancos) + Enxertia
César Lamark;Lipo Safer (Abdômen E Flancos); R$ 15.000,00 ; R$ 12.000,00 ;02/06/2025;; R$ 11.000,00 ;;César LamarkLipo Safer (Abdômen E Flancos)
César Lamark;Lipo Safer (Abdômen, Flancos E Costas) + Enxertia +Abdominoplastia; R$ 29.000,00 ; R$ 23.200,00 ;02/06/2025;;;;César LamarkLipo Safer (Abdômen, Flancos E Costas) + Enxertia +Abdominoplastia
César Lamark;Lipo Safer (Região Torácica Lateral ) ; R$ 6.000,00 ; R$ 3.000,00 ;01/07/2025;; R$ 3.000,00 ;;César LamarkLipo Safer (Região Torácica Lateral ) 
César Lamark;Lipo Safer (Abdômen, Flancos ) + Abdominoplastia; R$ 25.500,00 ; R$ 20.400,00 ;02/06/2025;;;;César LamarkLipo Safer (Abdômen, Flancos ) + Abdominoplastia
César Lamark;Lipo Safer (Lombar, Flancos); R$ 15.000,00 ; R$ 12.000,00 ;02/06/2025;;;;César LamarkLipo Safer (Lombar, Flancos)
César Lamark;Lipo Safer (Torax Superior); R$ 6.000,00 ; R$ 4.000,00 ;02/06/2025;;;;César LamarkLipo Safer (Torax Superior)
César Lamark;Lipo Safer (Braços) ; R$ 6.000,00 ; R$ 4.000,00 ;02/06/2025;;;;César LamarkLipo Safer (Braços) 
César Lamark;Lipo Safer (Região Toracica Lateral); R$ 4.000,00 ; R$ 3.000,00 ;02/06/2025;;;;César LamarkLipo Safer (Região Toracica Lateral)
César Lamark;Lipo Safer (Coxas); R$ 6.000,00 ; R$ 4.000,00 ;02/06/2025;;;;César LamarkLipo Safer (Coxas)
César Lamark;Mamoplastia de Aumento; R$ 14.000,00 ; R$ 11.200,00 ;02/06/2025;; R$ 11.200,00 ;;César LamarkMamoplastia de Aumento
César Lamark;Mastopexia short scar sem protese; R$ 20.000,00 ; R$ 16.000,00 ;02/06/2025;; R$ 16.000,00 ;;César LamarkMastopexia short scar sem protese
César Lamark;Mamoplastia Redutora; R$ 18.000,00 ; R$ 14.400,00 ;02/06/2025;; R$ 14.400,00 ;;César LamarkMamoplastia Redutora
César Lamark;Lipo Safer (360° - Abdome // Flancos // Lombar);18.000,00; R$ 14.400,00 ;02/06/2025;; R$ 14.400,00 ;;César LamarkLipo Safer (360° - Abdome // Flancos // Lombar)
César Lamark;Miniabdominoplastia ; R$ 16.000,00 ; R$ 12.800,00 ;02/06/2025;; R$ 12.800,00 ;;César LamarkMiniabdominoplastia 
César Lamark;Explante Mamario + Mastopexia Circunferencial; R$ 22.000,00 ; R$ 17.600,00 ;02/06/2025;;;;César LamarkExplante Mamario + Mastopexia Circunferencial
César Lamark;Blefaroplastia Superior; R$ 6.000,00 ; R$ 4.800,00 ;02/06/2025;;;;César LamarkBlefaroplastia Superior
César Lamark;Ginecomastia; R$ 10.000,00 ; R$ 8.000,00 ;02/06/2025;;;;César LamarkGinecomastia
César Lamark;Abdominoplastia; R$ 18.000,00 ; R$ 14.400,00 ;02/06/2025;; R$ 14.400,00 ;;César LamarkAbdominoplastia
César Lamark;Mamoplastia Redutora Com Prótese; R$ 18.000,00 ; R$ 14.400,00 ;02/06/2025;; R$ 14.400,00 ;;César LamarkMamoplastia Redutora Com Prótese
César Lamark;Mastopexia Com Protese Multiplanos Em L; R$ 20.000,00 ; R$ 16.000,00 ;02/06/2025;; R$ 16.000,00 ;;César LamarkMastopexia Com Protese Multiplanos Em L
César Lamark;Matopexia com Prótese; R$ 20.000,00 ; R$ 16.000,00 ;08/07/2025;;;;César LamarkMatopexia com Prótese
César Lamark;Mastopexia sem Prótese; R$ 20.000,00 ; R$ 16.000,00 ;21/07/2025;;;;César LamarkMastopexia sem Prótese
César Lamark;Mamoplastia De Aumento Submuscular Estruturada; R$ 20.000,00 ; R$ 16.000,00 ;08/07/2025;;;;César LamarkMamoplastia De Aumento Submuscular Estruturada
César Lamark;Enxerto de Glúteo; R$ 3.250,00 ; R$ 2.500,00 ;02/06/2025;;;;César LamarkEnxerto de Glúteo
César Lamark;Braquioplastia; R$ 20.000,00 ; R$ 16.000,00 ;02/06/2025;; R$ 16.000,00 ;;César LamarkBraquioplastia
César Lamark;Argon 4; R$ 8.000,00 ; R$ 6.000,00 ;02/06/2025;; R$ 6.000,00 ;;César LamarkArgon 4
César Lamark;Consulta; R$ 600,00 ; R$ 350,00 ;01/07/2025;; R$ 250,00 ;;César LamarkConsulta
Wolff Hans;Lipoaspiração Média 2 A 4 Horas; R$ 10.000,00 ; R$ 8.000,00 ;22/05/2025;;;;Wolff HansLipoaspiração Média 2 A 4 Horas
Wolff Hans;Lipoaspiração Pequena Até 2 Horas; R$ 7.500,00 ; R$ 6.000,00 ;22/05/2025;;;;Wolff HansLipoaspiração Pequena Até 2 Horas
Wolff Hans;Lipoescultura; R$ 15.000,00 ; R$ 12.000,00 ;22/05/2025;;;;Wolff HansLipoescultura
Wolff Hans;Lipoescultura Com Laser; R$ 20.000,00 ; R$ 16.000,00 ;22/05/2025;;;;Wolff HansLipoescultura Com Laser
Wolff Hans;Lipo de Braço; R$ 5.000,00 ; R$ 4.000,00 ;22/05/2025;;;;Wolff HansLipo de Braço
Wolff Hans;Enxertia De Glúteo; R$ 2.250,00 ; R$ 1.800,00 ;22/05/2025;;;;Wolff HansEnxertia De Glúteo
Wolff Hans;Mini Abdominoplastia + Lipo De Cintura; R$ 12.500,00 ; R$ 10.000,00 ;22/05/2025;;;;Wolff HansMini Abdominoplastia + Lipo De Cintura
Wolff Hans;Mamoplastia De Aumento; R$ 7.500,00 ; R$ 6.000,00 ;22/05/2025;;;;Wolff HansMamoplastia De Aumento
Wolff Hans;Ginecomastia; R$ 10.000,00 ; R$ 8.000,00 ;22/05/2025;;;;Wolff HansGinecomastia
Wolff Hans;Mastopexia Sem Prótese; R$ 11.875,00 ; R$ 9.500,00 ;24/07/2025;;;;Wolff HansMastopexia Sem Prótese
Wolff Hans;Mastopexia Com Prótese; R$ 11.875,00 ; R$ 9.500,00 ;22/05/2025;;;;Wolff HansMastopexia Com Prótese
Wolff Hans;Mamoplastia Redutora; R$ 11.250,00 ; R$ 9.000,00 ;22/05/2025;;;;Wolff HansMamoplastia Redutora
Wolff Hans;Abdominoplastia; R$ 10.000,00 ; R$ 8.000,00 ;22/05/2025;;;;Wolff HansAbdominoplastia
Wolff Hans;Abdominoplastia + Lipo De Cintura; R$ 13.750,00 ; R$ 11.000,00 ;22/05/2025;;;;Wolff HansAbdominoplastia + Lipo De Cintura
Wolff Hans;Lipo de Cintura+ Abdominoplastia + Enxertia de Glúteo; R$ 16.000,00 ; R$ 12.800,00 ;08/07/2025;;;;Wolff HansLipo de Cintura+ Abdominoplastia + Enxertia de Glúteo
Wolff Hans;Abdominoplastia + Lipo De Cintura + Costa; R$ 17.500,00 ; R$ 14.000,00 ;22/05/2025;;;;Wolff HansAbdominoplastia + Lipo De Cintura + Costa
Wolff Hans;Abdominoplastia + Lipo Média+ Hérnia; R$ 18.125,00 ; R$ 14.500,00 ;22/05/2025;;;;Wolff HansAbdominoplastia + Lipo Média+ Hérnia
Wolff Hans;Abdominoplastia + Ninfoplastia; R$ 13.750,00 ; R$ 11.000,00 ;22/05/2025;;;;Wolff HansAbdominoplastia + Ninfoplastia
Wolff Hans;Abdominoplastia + Hérnia; R$ 10.625,00 ; R$ 8.500,00 ;22/05/2025;;;;Wolff HansAbdominoplastia + Hérnia
Wolff Hans;Abdominoplastia + Lipoescultura; R$ 23.000,00 ; R$ 18.400,00 ;23/05/2025;;;;Wolff HansAbdominoplastia + Lipoescultura
Wolff Hans;Abdominoplastia + Lipoescultura+Enxertia de Glutéo; R$ 24.240,00 ; R$ 20.200,00 ;28/05/2025;;;;Wolff HansAbdominoplastia + Lipoescultura+Enxertia de Glutéo
Wolff Hans;Rinoplastia; R$ 11.250,00 ; R$ 9.000,00 ;22/05/2025;;;;Wolff HansRinoplastia
Wolff Hans;Rinoplastia C/ Retirada De Costela; R$ 13.750,00 ; R$ 11.000,00 ;22/05/2025;;;;Wolff HansRinoplastia C/ Retirada De Costela
Wolff Hans;Otoplastia; R$ 8.125,00 ; R$ 6.500,00 ;22/05/2025;;;;Wolff HansOtoplastia
Wolff Hans;Blefaroplastia Superior + Inferior; R$ 9.750,00 ; R$ 7.800,00 ;22/05/2025;;;;Wolff HansBlefaroplastia Superior + Inferior
Wolff Hans;Blefaroplastia Superior; R$ 5.000,00 ; R$ 4.000,00 ;08/07/2025;;;;Wolff HansBlefaroplastia Superior
Wolff Hans;Blefaroplastia Inferior; R$ 5.000,00 ; R$ 4.000,00 ;22/05/2025;;;;Wolff HansBlefaroplastia Inferior
Wolff Hans;Lifting Coxa; R$ 8.750,00 ; R$ 7.000,00 ;22/05/2025;;;;Wolff HansLifting Coxa
Wolff Hans;Lifting Braço; R$ 8.750,00 ; R$ 7.000,00 ;22/05/2025;;;;Wolff HansLifting Braço
Wolff Hans;Ninfoplastia Pequenos Lábios; R$ 4.750,00 ; R$ 3.800,00 ;22/05/2025;;;;Wolff HansNinfoplastia Pequenos Lábios
Wolff Hans;Ninfoplastia Com Enxertia De Gordura; R$ 8.125,00 ; R$ 6.500,00 ;22/05/2025;;;;Wolff HansNinfoplastia Com Enxertia De Gordura
Wolff Hans;Mamoplastia De Aumento + Lipo Média; R$ 17.812,50 ; R$ 14.250,00 ;22/05/2025;;;;Wolff HansMamoplastia De Aumento + Lipo Média
Wolff Hans;Mamoplastia De Aumento + Lipo Pequena 2 Horas; R$ 15.000,00 ; R$ 12.000,00 ;22/05/2025;;;;Wolff HansMamoplastia De Aumento + Lipo Pequena 2 Horas
Wolff Hans;Bota Pneumática Cirúrgica; R$ 375,00 ; R$ 300,00 ;22/05/2025;;;;Wolff HansBota Pneumática Cirúrgica
Wolff Hans;Curativos Até 3; R$ 250,00 ; R$ 200,00 ;22/05/2025;;;;Wolff HansCurativos Até 3
Tercio Coelho;Mamoplastia De Aumento; R$ 10.560,00 ; R$ 8.800,00 ;22/05/2025;;;;Tercio CoelhoMamoplastia De Aumento
Tercio Coelho;Mamoplastia Redutora; R$ 14.520,00 ; R$ 12.100,00 ;22/05/2025;;;;Tercio CoelhoMamoplastia Redutora
Tercio Coelho;Mastopexia Com Prótese; R$ 15.840,00 ; R$ 13.200,00 ;22/05/2025;;;;Tercio CoelhoMastopexia Com Prótese
Tercio Coelho;Mastopexia Sem Prótese; R$ 14.520,00 ; R$ 12.100,00 ;22/05/2025;;;;Tercio CoelhoMastopexia Sem Prótese
Tercio Coelho;Ginecomastia; R$ 7.920,00 ; R$ 6.600,00 ;22/05/2025;;;;Tercio CoelhoGinecomastia
Tercio Coelho;Ginecomastia Com Lipo De Peitoral; R$ 9.240,00 ; R$ 7.700,00 ;22/05/2025;;;;Tercio CoelhoGinecomastia Com Lipo De Peitoral
Tercio Coelho;Abdominoplastia; R$ 11.880,00 ; R$ 9.900,00 ;22/05/2025;;;;Tercio CoelhoAbdominoplastia
Tercio Coelho;Abdominoplastia Em Ancora; R$ 13.200,00 ; R$ 11.000,00 ;22/05/2025;;;;Tercio CoelhoAbdominoplastia Em Ancora
Tercio Coelho;Miniabdominoplastia; R$ 10.560,00 ; R$ 8.800,00 ;22/05/2025;;;;Tercio CoelhoMiniabdominoplastia
Tercio Coelho;Lipoaspiração De Papada; R$ 5.280,00 ; R$ 4.400,00 ;22/05/2025;;;;Tercio CoelhoLipoaspiração De Papada
Tercio Coelho;Lipoaspiracão Pequena (Ex: Braços Ou Coxas Ou Axilas + Torax); R$ 7.920,00 ; R$ 6.600,00 ;22/05/2025;;;;Tercio CoelhoLipoaspiracão Pequena (Ex: Braços Ou Coxas Ou Axilas + Torax)
Tercio Coelho;Lipoaspiração De Abdome Sem Enxertia; R$ 9.240,00 ; R$ 7.700,00 ;22/05/2025;;;;Tercio CoelhoLipoaspiração De Abdome Sem Enxertia
Tercio Coelho;Lipoaspiração De Abdome Com Enxertia; R$ 11.880,00 ; R$ 9.900,00 ;22/05/2025;;;;Tercio CoelhoLipoaspiração De Abdome Com Enxertia
Tercio Coelho;Lipoaspiracão De Abdome E Dorso Sem Enxertia; R$ 16.500,00 ; R$ 13.750,00 ;22/05/2025;;;;Tercio CoelhoLipoaspiracão De Abdome E Dorso Sem Enxertia
Tercio Coelho;Lipoaspiracão De Abdome E Dorso Com Enxertia; R$ 19.140,00 ; R$ 15.950,00 ;22/05/2025;;;;Tercio CoelhoLipoaspiracão De Abdome E Dorso Com Enxertia
Tercio Coelho;Plasma De Argonio (Argoplasma); R$ 10.560,00 ; R$ 8.800,00 ;22/05/2025;;;;Tercio CoelhoPlasma De Argonio (Argoplasma)
Tercio Coelho;Otoplastia; R$ 6.600,00 ; R$ 5.500,00 ;22/05/2025;;;;Tercio CoelhoOtoplastia
Tercio Coelho;Blefaroplastia Superior; R$ 5.280,00 ; R$ 4.400,00 ;22/05/2025;;;;Tercio CoelhoBlefaroplastia Superior
Tercio Coelho;Blefaroplastia Superior + Inferior + Cantopexia Ou Cantoplastia; R$ 10.560,00 ; R$ 8.800,00 ;22/05/2025;;;;Tercio CoelhoBlefaroplastia Superior + Inferior + Cantopexia Ou Cantoplastia
Tercio Coelho;Braquioplastia; R$ 9.900,00 ; R$ 8.250,00 ;22/05/2025;;;;Tercio CoelhoBraquioplastia
Tercio Coelho;Cruroplastia; R$ 12.540,00 ; R$ 10.450,00 ;22/05/2025;;;;Tercio CoelhoCruroplastia
Tercio Coelho;Lifting Facial; R$ 17.160,00 ; R$ 14.300,00 ;22/05/2025;;;;Tercio CoelhoLifting Facial
Tercio Coelho;Rinoplastia; R$ 13.860,00 ; R$ 11.550,00 ;22/05/2025;;;;Tercio CoelhoRinoplastia
Tercio Coelho;Rinoplastia Com Cartilagem Costal; R$ 15.840,00 ; R$ 13.200,00 ;22/05/2025;;;;Tercio CoelhoRinoplastia Com Cartilagem Costal
Tercio Coelho;Ninfoplastia; R$ 6.600,00 ; R$ 5.500,00 ;22/05/2025;;;;Tercio CoelhoNinfoplastia
Tercio Coelho;Consulta; R$ 350,00 ; R$ 250,00 ;22/05/2025;;;;Tercio CoelhoConsulta
Rafael Ataide;Consulta; R$ 450,00 ; R$ 400,00 ;26/05/2025;;;;Rafael AtaideConsulta
Rafael Ataide;Mamoplastia Redutora; R$ 24.000,00 ; R$ 20.000,00 ;26/05/2025;;;;Rafael AtaideMamoplastia Redutora
Rafael Ataide;Lipo + Abdominoplastia; R$ 28.000,00 ; R$ 25.200,00 ;09/07/2025;;;;Rafael AtaideLipo + Abdominoplastia
Anestesia e Serviços Médicoas LTDA;Lipo Safer (Abdomen, Flancos, Costas, Braços, Coxas e Monte De Vênus) + Enxertia; R$ 2.800,00 ; R$ 2.400,00 ;;;;;Anestesia e Serviços Médicoas LTDALipo Safer (Abdomen, Flancos, Costas, Braços, Coxas e Monte De Vênus) + Enxertia
Anestesia e Serviços Médicoas LTDA;Lipo Safer (Abdõmen, Flancos e costas) + Enxertia; R$ 2.800,00 ; R$ 2.400,00 ;;;;;Anestesia e Serviços Médicoas LTDALipo Safer (Abdõmen, Flancos e costas) + Enxertia
Anestesia e Serviços Médicoas LTDA;Lipo Safer (Abdomen, Flancos e costas); R$ 2.800,00 ; R$ 2.400,00 ;;;;;Anestesia e Serviços Médicoas LTDALipo Safer (Abdomen, Flancos e costas)
Anestesia e Serviços Médicoas LTDA;Lipo Safer (Abdômen E Flancos) +Enxertia; R$ 2.800,00 ; R$ 2.400,00 ;;;;;Anestesia e Serviços Médicoas LTDALipo Safer (Abdômen E Flancos) +Enxertia
Anestesia e Serviços Médicoas LTDA;Lipo Safer (Abdomen E Flancos); R$ 2.800,00 ; R$ 2.400,00 ;;;;;Anestesia e Serviços Médicoas LTDALipo Safer (Abdomen E Flancos)
Anestesia e Serviços Médicoas LTDA;Lipo Safer (Abômen, Flancos E Costas) + Enxertia +Abdominoplastia; R$ 4.000,00 ; R$ 3.700,00 ;;;;;Anestesia e Serviços Médicoas LTDALipo Safer (Abômen, Flancos E Costas) + Enxertia +Abdominoplastia
Anestesia e Serviços Médicoas LTDA;Lipo Safer 360° (Abômen, Flancos e Lombar ) ; R$ 2.600,00 ; R$ 2.400,00 ;30/052025;;;;
Anestesia e Serviços Médicoas LTDA;Mamoplastia Redutora; R$ 2.800,00 ; R$ 2.600,00 ;;;;;Anestesia e Serviços Médicoas LTDAMamoplastia Redutora
Anestesia e Serviços Médicoas LTDA;Abdominoplastia; R$ 2.800,00 ; R$ 2.600,00 ;;;;;Anestesia e Serviços Médicoas LTDAAbdominoplastia
Anestesia e Serviços Médicoas LTDA;Mamoplastia Redutora Com Prótese; R$ 3.500,00 ; R$ 3.800,00 ;;;;;Anestesia e Serviços Médicoas LTDAMamoplastia Redutora Com Prótese
Anestesia e Serviços Médicoas LTDA;Mastopexia Com Protese Multiplanos Em L; R$ 3.500,00 ; R$ 3.200,00 ;;;;;Anestesia e Serviços Médicoas LTDAMastopexia Com Protese Multiplanos Em L
Anestesia e Serviços Médicoas LTDA;Mamoplastia De Aumento Submuscular Estruturada; R$ 3.500,00 ; R$ 3.200,00 ;;;;;Anestesia e Serviços Médicoas LTDAMamoplastia De Aumento Submuscular Estruturada
Anestesia e Serviços Médicoas LTDA;Parto Cesárea; R$ 900,00 ; R$ 900,00 ;26/06/2025;;;;Anestesia e Serviços Médicoas LTDAParto Cesárea
Anestesia e Serviços Médicoas LTDA;Mamoplastia De Aumento; R$ 2.400,00 ; R$ 2.320,00 ;;;;;Anestesia e Serviços Médicoas LTDAMamoplastia De Aumento
Anestesia e Serviços Médicoas LTDA;Mastopexia Com Prótese; R$ 3.500,00 ; R$ 3.200,00 ;;;;;Anestesia e Serviços Médicoas LTDAMastopexia Com Prótese
Anestesia e Serviços Médicoas LTDA;Mastopexia Sem Prótese; R$ 3.500,00 ; R$ 3.200,00 ;;;;;Anestesia e Serviços Médicoas LTDAMastopexia Sem Prótese
Anestesia e Serviços Médicoas LTDA;Ginecomastia; R$ 1.800,00 ; R$ 1.500,00 ;;;;;Anestesia e Serviços Médicoas LTDAGinecomastia
Anestesia e Serviços Médicoas LTDA;Ginecomastia Com Lipo De Peitoral; R$ 1.800,00 ; R$ 1.500,00 ;;;;;Anestesia e Serviços Médicoas LTDAGinecomastia Com Lipo De Peitoral
Anestesia e Serviços Médicoas LTDA;Abdominoplastia Em Ancora; R$ 2.800,00 ; R$ 2.600,00 ;;;;;Anestesia e Serviços Médicoas LTDAAbdominoplastia Em Ancora
Anestesia e Serviços Médicoas LTDA;Miniabdominoplastia; R$ 1.200,00 ; R$ 1.000,00 ;;;;;Anestesia e Serviços Médicoas LTDAMiniabdominoplastia
Anestesia e Serviços Médicoas LTDA;Lipoaspiração De Papada; R$ 1.600,00 ; R$ 1.500,00 ;;;;;Anestesia e Serviços Médicoas LTDALipoaspiração De Papada
Anestesia e Serviços Médicoas LTDA;Lipoaspiracão Pequena (Ex: Braços Ou Coxas Ou Axilas + Torax); R$ 1.600,00 ; R$ 1.500,00 ;;;;;Anestesia e Serviços Médicoas LTDALipoaspiracão Pequena (Ex: Braços Ou Coxas Ou Axilas + Torax)
Anestesia e Serviços Médicoas LTDA;Lipoaspiração De Abdome Sem Enxertia; R$ 2.600,00 ; R$ 2.400,00 ;;;;;Anestesia e Serviços Médicoas LTDALipoaspiração De Abdome Sem Enxertia
Anestesia e Serviços Médicoas LTDA;Lipoaspiração De Abdome Com Enxertia; R$ 2.600,00 ; R$ 2.400,00 ;;;;;Anestesia e Serviços Médicoas LTDALipoaspiração De Abdome Com Enxertia
Anestesia e Serviços Médicoas LTDA;Lipoaspiracão De Abdome E Dorso Sem Enxertia; R$ 2.600,00 ; R$ 2.400,00 ;;;;;Anestesia e Serviços Médicoas LTDALipoaspiracão De Abdome E Dorso Sem Enxertia
Anestesia e Serviços Médicoas LTDA;Lipoaspiracão De Abdome E Dorso Com Enxertia; R$ 2.600,00 ; R$ 2.400,00 ;;;;;Anestesia e Serviços Médicoas LTDALipoaspiracão De Abdome E Dorso Com Enxertia
Anestesia e Serviços Médicoas LTDA;Otoplastia; R$ 1.400,00 ; R$ 1.300,00 ;;;;;Anestesia e Serviços Médicoas LTDAOtoplastia
Anestesia e Serviços Médicoas LTDA;Blefaroplastia Superior; R$ 1.600,00 ; R$ 1.500,00 ;;;;;Anestesia e Serviços Médicoas LTDABlefaroplastia Superior
Anestesia e Serviços Médicoas LTDA;Blefaroplastia Superior + Inferior + Cantopexia Ou Cantoplastia; R$ 1.600,00 ; R$ 1.500,00 ;;;;;Anestesia e Serviços Médicoas LTDABlefaroplastia Superior + Inferior + Cantopexia Ou Cantoplastia
Anestesia e Serviços Médicoas LTDA;Braquioplastia; R$ 2.000,00 ; R$ 1.950,00 ;;;;;Anestesia e Serviços Médicoas LTDABraquioplastia
Anestesia e Serviços Médicoas LTDA;Cruroplastia; R$ 1.600,00 ; R$ 1.500,00 ;;;;;Anestesia e Serviços Médicoas LTDACruroplastia
Anestesia e Serviços Médicoas LTDA;Lifting Facial; R$ 2.800,00 ; R$ 2.600,00 ;;;;;Anestesia e Serviços Médicoas LTDALifting Facial
Anestesia e Serviços Médicoas LTDA;Rinoplastia; R$ 2.500,00 ; R$ 2.320,00 ;;;;;Anestesia e Serviços Médicoas LTDARinoplastia
Anestesia e Serviços Médicoas LTDA;Rinoplastia Com Cartilagem Costal; R$ 2.500,00 ; R$ 2.320,00 ;;;;;Anestesia e Serviços Médicoas LTDARinoplastia Com Cartilagem Costal
Anestesia e Serviços Médicoas LTDA;Ninfoplastia; R$ 1.500,00 ; R$ 1.500,00 ;;;;;Anestesia e Serviços Médicoas LTDANinfoplastia
Anestesista Mateus;Consulta Pré-Anestésica; R$ 220,00 ; R$ 220,00 ;22/05/2025;;;;Anestesista MateusConsulta Pré-Anestésica
Anestesista Mateus;Lipoaspiração Média 2 A 4 Horas; R$ 2.574,00 ; R$ 2.574,00 ;15/05/2025;;;;Anestesista MateusLipoaspiração Média 2 A 4 Horas
Anestesista Mateus;Lipoaspiração Pequena Até 2 Horas; R$ 2.574,00 ; R$ 2.574,00 ;15/05/2025;;;;Anestesista MateusLipoaspiração Pequena Até 2 Horas
Anestesista Mateus;Enxertia De Glúteo; R$ 500,00 ; R$ 500,00 ;15/05/2025;;;;Anestesista MateusEnxertia De Glúteo
Anestesista Mateus;Mini Abdominoplastia + Lipo De Cintura; R$ 1.925,00 ; R$ 1.925,00 ;15/05/2025;;;;Anestesista MateusMini Abdominoplastia + Lipo De Cintura
Anestesista Mateus;Mamoplastia De Aumento; R$ 1.980,00 ; R$ 1.980,00 ;15/05/2025;;;;Anestesista MateusMamoplastia De Aumento
Anestesista Mateus;Ginecomastia; R$ 1.870,00 ; R$ 1.870,00 ;15/05/2025;;;;Anestesista MateusGinecomastia
Anestesista Mateus;Mastopexia Sem Prótese; R$ 2.860,00 ; R$ 2.860,00 ;24/07/2025;;;;Anestesista MateusMastopexia Sem Prótese
Anestesista Mateus;Mastopexia Com Prótese; R$ 2.860,00 ; R$ 2.860,00 ;15/05/2025;;;;Anestesista MateusMastopexia Com Prótese
Anestesista Mateus;Mamoplastia Redutora; R$ 2.530,00 ; R$ 2.530,00 ;15/05/2025;;;;Anestesista MateusMamoplastia Redutora
Anestesista Mateus;Mini Abdome com Lipo de Flancos; R$ 1.925,00 ; R$ 1.925,00 ;22/05/2025;;;;Anestesista MateusMini Abdome com Lipo de Flancos
Anestesista Mateus;Mamoplastia + Lipoescultura; R$ 3.850,00 ; R$ 3.850,00 ;22/05/2025;;;;Anestesista MateusMamoplastia + Lipoescultura
Anestesista Mateus;Mamoplastia + Abdome + Lipoescultura; R$ 5.005,00 ; R$ 5.005,00 ;22/05/2025;;;;Anestesista MateusMamoplastia + Abdome + Lipoescultura
Anestesista Mateus;Mini Lipo; R$ 1.650,00 ; R$ 1.650,00 ;22/05/2025;;;;Anestesista MateusMini Lipo
Anestesista Mateus;Mama com Prótese + Lipoescultura + Abdome; R$ 5.335,00 ; R$ 5.335,00 ;22/05/2025;;;;Anestesista MateusMama com Prótese + Lipoescultura + Abdome
Anestesista Mateus;Abdome + Lipoescultura + Enxertia; R$ 3.762,00 ; R$ 3.762,00 ;15/05/2025;;;;Anestesista MateusAbdome + Lipoescultura + Enxertia
Anestesista Mateus;Abdominoplastia; R$ 2.255,00 ; R$ 2.255,00 ;15/05/2025;;;;Anestesista MateusAbdominoplastia
Anestesista Mateus;Abdominoplastia + Lipo De Cintura Sem Enxertia; R$ 2.915,00 ; R$ 2.915,00 ;15/05/2025;;;;Anestesista MateusAbdominoplastia + Lipo De Cintura Sem Enxertia
Anestesista Mateus;Abdominoplastia + Lipo De Cintura + Enxertia; R$ 3.080,00 ; R$ 3.080,00 ;15/05/2025;;;;Anestesista MateusAbdominoplastia + Lipo De Cintura + Enxertia
Anestesista Mateus;Abdominoplastia + Lipo De Cintura + Costa; R$ 3.762,00 ; R$ 3.762,00 ;15/05/2025;;;;Anestesista MateusAbdominoplastia + Lipo De Cintura + Costa
Anestesista Mateus;Abdominoplastia + Lipo Média+ Hérnia; R$ 4.412,00 ; R$ 4.412,00 ;15/05/2025;;;;Anestesista MateusAbdominoplastia + Lipo Média+ Hérnia
Anestesista Mateus;Abdominoplastia + Ninfoplastia; R$ 2.255,00 ; R$ 2.255,00 ;15/05/2025;;;;Anestesista MateusAbdominoplastia + Ninfoplastia
Anestesista Mateus;Abdominoplastia + Hérnia; R$ 2.255,00 ; R$ 2.255,00 ;15/05/2025;;;;Anestesista MateusAbdominoplastia + Hérnia
Anestesista Mateus;Abdominoplastia + Ninfoplastia (com lipo de cintura e sem enxertia); R$ 3.916,00 ; R$ 3.916,00 ;22/05/2025;;;;Anestesista MateusAbdominoplastia + Ninfoplastia (com lipo de cintura e sem enxertia)
Anestesista Mateus;Abdominoplastia + Hérnia (com lipo de cintura e sem enxertia); R$ 3.565,00 ; R$ 3.565,00 ;22/05/2025;;;;Anestesista MateusAbdominoplastia + Hérnia (com lipo de cintura e sem enxertia)
Anestesista Mateus;Rinoplastia; R$ 2.288,00 ; R$ 2.288,00 ;15/05/2025;;;;Anestesista MateusRinoplastia
Anestesista Mateus;Otoplastia; R$ 1.287,00 ; R$ 1.287,00 ;15/05/2025;;;;Anestesista MateusOtoplastia
Anestesista Mateus;Blefaroplastia Superior + Inferior; R$ 1.650,00 ; R$ 1.650,00 ;15/05/2025;;;;Anestesista MateusBlefaroplastia Superior + Inferior
Anestesista Mateus;Blefaroplastia Superior; R$ 1.188,00 ; R$ 1.188,00 ;15/05/2025;;;;Anestesista MateusBlefaroplastia Superior
Anestesista Mateus;Blefaroplastia Inferior; R$ 1.188,00 ; R$ 1.188,00 ;15/05/2025;;;;Anestesista MateusBlefaroplastia Inferior
Anestesista Mateus;Lifting Coxa; R$ 2.200,00 ; R$ 2.200,00 ;15/05/2025;;;;Anestesista MateusLifting Coxa
Anestesista Mateus;Lifting Braço; R$ 2.000,00 ; R$ 2.000,00 ;09/07/2027;;;;Anestesista MateusLifting Braço
Anestesista Mateus;Lipo de Braço; R$ 770,00 ; R$ 770,00 ;22/05/2025;;;;Anestesista MateusLipo de Braço
Anestesista Mateus;Lipo de Papada com Enxertia em Face; R$ 1.650,00 ; R$ 1.650,00 ;22/05/2025;;;;Anestesista MateusLipo de Papada com Enxertia em Face
Anestesista Mateus;Ninfoplastia Com Enxertia De Gordura; R$ 1.540,00 ; R$ 1.540,00 ;15/05/2025;;;;Anestesista MateusNinfoplastia Com Enxertia De Gordura
Anestesista Mateus;Mamoplastia De Aumento + Lipo Pequena; R$ 3.835,00 ; R$ 3.835,00 ;15/05/2025;;;;Anestesista MateusMamoplastia De Aumento + Lipo Pequena
Anestesista Mateus;Mini Abdominoplastia + Lipo Média 2 A 4 Horas; R$ 2.860,00 ; R$ 2.860,00 ;15/05/2025;;;;Anestesista MateusMini Abdominoplastia + Lipo Média 2 A 4 Horas
Anestesista Mateus;Lipoescutura + Mini Abdome + Enxertia; R$ 2.860,00 ; R$ 2.860,00 ;22/05/2025;;;;Anestesista MateusLipoescutura + Mini Abdome + Enxertia
Anestesista Mateus;Lipoescultura com Enxertia + Lipo de Braço; R$ 3.014,00 ; R$ 3.014,00 ;22/05/2025;;;;Anestesista MateusLipoescultura com Enxertia + Lipo de Braço
Anestesista Mateus;Lipoescultura + Abdome + Prótese; R$ 4.686,00 ; R$ 4.686,00 ;22/05/2025;;;;Anestesista MateusLipoescultura + Abdome + Prótese
Anestesista Mateus;Lipoescultura; R$ 2.574,00 ; R$ 2.574,00 ;15/05/2025;;;;Anestesista MateusLipoescultura
Anestesista Mateus;Lipoescultura Com Laser; R$ 2.574,00 ; R$ 2.574,00 ;15/05/2025;;;;Anestesista MateusLipoescultura Com Laser
Hospital Neurocardio;Abdominoplastia; R$ 3.200,00 ; R$ 3.200,00 ;;;;;Hospital NeurocardioAbdominoplastia
Hospital Neurocardio;Abdominoplastia + Hérnia; R$ 5.060,00 ; R$ 5.060,00 ;;;;;Hospital NeurocardioAbdominoplastia + Hérnia
Hospital Neurocardio;Abdominoplastia + Lipo De Cintura; R$ 4.650,00 ; R$ 4.650,00 ;;;;;Hospital NeurocardioAbdominoplastia + Lipo De Cintura
Hospital Neurocardio;Abdominoplastia + Lipo De Cintura + Costa; R$ 5.800,00 ; R$ 5.800,00 ;;;;;Hospital NeurocardioAbdominoplastia + Lipo De Cintura + Costa
Hospital Neurocardio;Abdominoplastia + Lipo Média+ Hérnia; R$ 3.600,00 ; R$ 3.600,00 ;;;;;Hospital NeurocardioAbdominoplastia + Lipo Média+ Hérnia
Hospital Neurocardio;Abdominoplastia + Lipo de Cintura + Enxertia; R$ 4.650,00 ; R$ 4.650,00 ;;;;;Hospital NeurocardioAbdominoplastia + Lipo de Cintura + Enxertia
Hospital Neurocardio;Abdominoplastia + Ninfoplastia;;;;;;;Hospital NeurocardioAbdominoplastia + Ninfoplastia
Hospital Neurocardio;Abdominoplastia Em Ancora; R$ 2.900,00 ; R$ 2.900,00 ;;;;;Hospital NeurocardioAbdominoplastia Em Ancora
Hospital Neurocardio;Blefaroplastia Inferior; R$ 1.500,00 ; R$ 1.500,00 ;;;;;Hospital NeurocardioBlefaroplastia Inferior
Hospital Neurocardio;Blefaroplastia Superior; R$ 1.500,00 ; R$ 1.500,00 ;;;;;Hospital NeurocardioBlefaroplastia Superior
Hospital Neurocardio;Blefaroplastia Superior + Inferior; R$ 2.340,00 ; R$ 2.340,00 ;;;;;Hospital NeurocardioBlefaroplastia Superior + Inferior
Hospital Neurocardio;Blefaroplastia Superior + Inferior + Cantopexia Ou Cantoplastia; R$ 2.340,00 ; R$ 2.340,00 ;;;;;Hospital NeurocardioBlefaroplastia Superior + Inferior + Cantopexia Ou Cantoplastia
Hospital Neurocardio;Braquioplastia; R$ 2.600,00 ; R$ 2.600,00 ;;;;;Hospital NeurocardioBraquioplastia
Hospital Neurocardio;Cruroplastia; R$ 2.600,00 ; R$ 2.600,00 ;;;;;Hospital NeurocardioCruroplastia
Hospital Neurocardio;Enxertia De Glúteo; R$ 900,00 ; R$ 900,00 ;;;;;Hospital NeurocardioEnxertia De Glúteo
Hospital Neurocardio;Ginecomastia; R$ 3.800,00 ; R$ 3.800,00 ;;;;;Hospital NeurocardioGinecomastia
Hospital Neurocardio;Ginecomastia Com Lipo De Peitoral; R$ 3.800,00 ; R$ 3.800,00 ;;;;;Hospital NeurocardioGinecomastia Com Lipo De Peitoral
Hospital Neurocardio;Lifting Coxa; R$ 3.500,00 ; R$ 2.700,00 ;;;;;Hospital NeurocardioLifting Coxa
Hospital Neurocardio;Lifting Facial; R$ 3.500,00 ; R$ 3.500,00 ;;;;;Hospital NeurocardioLifting Facial
Hospital Neurocardio;Lipo Safer (Abdômen E Flancos); R$ 3.500,00 ; R$ 3.500,00 ;;;;;Hospital NeurocardioLipo Safer (Abdômen E Flancos)
Hospital Neurocardio;Lipo Safer (Abdômen E Flancos) +Enxertia; R$ 3.500,00 ; R$ 3.500,00 ;;;;;Hospital NeurocardioLipo Safer (Abdômen E Flancos) +Enxertia
Hospital Neurocardio;Lipo Safer (Abdômen, Flancos ) Abdominoplastia; R$ 4.650,00 ; R$ 4.650,00 ;;;;;Hospital NeurocardioLipo Safer (Abdômen, Flancos ) Abdominoplastia
Hospital Neurocardio;Lipo Safer (Abdômen, Flancos e costas); R$ 3.500,00 ; R$ 3.500,00 ;;;;;Hospital NeurocardioLipo Safer (Abdômen, Flancos e costas)
Hospital Neurocardio;Lipo Safer (Abdômen, Flancos e costas) + Enxertia de glutéo; R$ 3.500,00 ; R$ 3.500,00 ;;;;;Hospital NeurocardioLipo Safer (Abdômen, Flancos e costas) + Enxertia de glutéo
Hospital Neurocardio;Lipo Safer (Abdômen, Flancos E Costas) + Enxertia +Abdominoplastia; R$ 4.650,00 ; R$ 4.650,00 ;;;;;Hospital NeurocardioLipo Safer (Abdômen, Flancos E Costas) + Enxertia +Abdominoplastia
Hospital Neurocardio;Lipo Safer (Abdômen, Flancos, Costas, Braços, Coxas e Monte De Vênus) + Enxertia; R$ 3.500,00 ; R$ 3.500,00 ;;;;;Hospital NeurocardioLipo Safer (Abdômen, Flancos, Costas, Braços, Coxas e Monte De Vênus) + Enxertia
Hospital Neurocardio;Lipoaspiração De Abdome Com Enxertia; R$ 3.500,00 ; R$ 3.500,00 ;;;;;Hospital NeurocardioLipoaspiração De Abdome Com Enxertia
Hospital Neurocardio;Lipoaspiracão De Abdome E Dorso Com Enxertia; R$ 3.500,00 ; R$ 3.500,00 ;;;;;Hospital NeurocardioLipoaspiracão De Abdome E Dorso Com Enxertia
Hospital Neurocardio;Lipoaspiracão De Abdome E Dorso Sem Enxertia; R$ 3.500,00 ; R$ 3.500,00 ;;;;;Hospital NeurocardioLipoaspiracão De Abdome E Dorso Sem Enxertia
Hospital Neurocardio;Lipoaspiração De Abdome Sem Enxertia; R$ 3.500,00 ; R$ 3.500,00 ;;;;;Hospital NeurocardioLipoaspiração De Abdome Sem Enxertia
Hospital Neurocardio;Abdominoplastia + lipoescultura; R$ 5.740,00 ; R$ 5.740,00 ;28/05/2025;;;;Hospital NeurocardioAbdominoplastia + lipoescultura
Hospital Neurocardio;Abdominoplastia + Lipoescultura+Enxertia de Glutéo; R$ 6.640,00 ; R$ 6.640,00 ;28/05/2025;;;;Hospital NeurocardioAbdominoplastia + Lipoescultura+Enxertia de Glutéo
Hospital Neurocardio;Lipoaspiração De Papada; R$ 700,00 ; R$ 700,00 ;;;;;Hospital NeurocardioLipoaspiração De Papada
Hospital Neurocardio;Lipoaspiração Média 2 A 4 Horas; R$ 3.500,00 ; R$ 3.500,00 ;;;;;Hospital NeurocardioLipoaspiração Média 2 A 4 Horas
Hospital Neurocardio;Lipoaspiracão Pequena (Ex: Braços Ou Coxas Ou Axilas + Torax); R$ 1.500,00 ; R$ 1.500,00 ;;;;;Hospital NeurocardioLipoaspiracão Pequena (Ex: Braços Ou Coxas Ou Axilas + Torax)
Hospital Neurocardio;Lipoaspiração Pequena Até 2 Horas; R$ 3.500,00 ; R$ 3.500,00 ;;;;;Hospital NeurocardioLipoaspiração Pequena Até 2 Horas
Hospital Neurocardio;Lipoescultura; R$ 3.500,00 ; R$ 3.500,00 ;;;;;Hospital NeurocardioLipoescultura
Hospital Neurocardio;Lipoescultura Com Laser; R$ 3.500,00 ; R$ 3.500,00 ;;;;;Hospital NeurocardioLipoescultura Com Laser
Hospital Neurocardio;Mamoplastia De Aumento; R$ 3.500,00 ; R$ 3.500,00 ;;;;;Hospital NeurocardioMamoplastia De Aumento
Hospital Neurocardio;Mamoplastia De Aumento + Lipo Pequena;;;;;;;Hospital NeurocardioMamoplastia De Aumento + Lipo Pequena
Hospital Neurocardio;Mamoplastia De Aumento Submuscular Estruturada; R$ 4.050,00 ; R$ 4.050,00 ;;;;;Hospital NeurocardioMamoplastia De Aumento Submuscular Estruturada
Hospital Neurocardio;Mamoplastia Redutora; R$ 4.050,00 ; R$ 4.050,00 ;;;;;Hospital NeurocardioMamoplastia Redutora
Hospital Neurocardio;Mamoplastia Redutora Com Prótese; R$ 4.050,00 ; R$ 4.050,00 ;;;;;Hospital NeurocardioMamoplastia Redutora Com Prótese
Hospital Neurocardio;Mastopexia Com Prótese; R$ 4.050,00 ; R$ 4.050,00 ;;;;;Hospital NeurocardioMastopexia Com Prótese
Hospital Neurocardio;Mastopexia Com Protese Multiplanos Em L; R$ 4.050,00 ; R$ 4.050,00 ;;;;;Hospital NeurocardioMastopexia Com Protese Multiplanos Em L
Hospital Neurocardio;Mastopexia Sem Prótese; R$ 4.050,00 ; R$ 4.050,00 ;;;;;Hospital NeurocardioMastopexia Sem Prótese
Hospital Neurocardio;Mini Abdominoplastia + Lipo De Cintura; R$ 4.050,00 ; R$ 4.050,00 ;;;;;Hospital NeurocardioMini Abdominoplastia + Lipo De Cintura
Hospital Neurocardio;Mini Abdominoplastia + Lipo Média 2 A 4 Horas; R$ 3.300,00 ; R$ 3.300,00 ;;;;;Hospital NeurocardioMini Abdominoplastia + Lipo Média 2 A 4 Horas
Hospital Neurocardio;Miniabdominoplastia; R$ 2.900,00 ; R$ 2.900,00 ;;;;;Hospital NeurocardioMiniabdominoplastia
Hospital Neurocardio;Ninfoplastia; R$ 3.200,00 ; R$ 3.200,00 ;;;;;Hospital NeurocardioNinfoplastia
Hospital Neurocardio;Ninfoplastia Com Enxertia De Gordura; R$ 3.200,00 ; R$ 3.200,00 ;;;;;Hospital NeurocardioNinfoplastia Com Enxertia De Gordura
Hospital Neurocardio;Parto Cesárea; R$ 1.800,00 ; R$ 1.800,00 ;26/06/2025;;;;Hospital NeurocardioParto Cesárea
Hospital Neurocardio;Ninfoplastia Pequenos Lábios; R$ 3.200,00 ; R$ 3.200,00 ;;;;;Hospital NeurocardioNinfoplastia Pequenos Lábios
Hospital Neurocardio;Otoplastia; R$ 2.600,00 ; R$ 2.600,00 ;;;;;Hospital NeurocardioOtoplastia
Hospital Neurocardio;Rinoplastia; R$ 2.600,00 ; R$ 2.600,00 ;;;;;Hospital NeurocardioRinoplastia
Hospital Neurocardio;Rinoplastia C/ Retirada De Costela; R$ 2.600,00 ; R$ 2.600,00 ;;;;;Hospital NeurocardioRinoplastia C/ Retirada De Costela
Hospital Neurocardio;Rinoplastia Com Cartilagem Costal; R$ 2.600,00 ; R$ 2.600,00 ;;;;;Hospital NeurocardioRinoplastia Com Cartilagem Costal
Hospital Memorial;Correção de cicatriz ; R$ 1.800,00 ; R$ 1.800,00 ;09/07/2025;;;;Hospital MemorialCorreção de cicatriz 
Hospital Memorial;Exérese de retirada de sinal; R$ 1.200,00 ; R$ 1.200,00 ;09/07/2025;;;;Hospital MemorialExérese de retirada de sinal
Hospital Memorial;Lipo Safer (Abdômen, Flancos, Costas, Braços, Coxas e Monte De Vênus) + Enxertia; R$ 5.280,00 ; R$ 5.280,00 ;22/05/2025;;;;Hospital MemorialLipo Safer (Abdômen, Flancos, Costas, Braços, Coxas e Monte De Vênus) + Enxertia
Hospital Memorial;Lipo Safer (Abdômen, Flancos e costas) + Enxertia; R$ 4.900,00 ; R$ 4.900,00 ;22/05/2025;;;;Hospital MemorialLipo Safer (Abdômen, Flancos e costas) + Enxertia
Hospital Memorial;Lipo Safer (Abdômen, Flancos e costas); R$ 3.960,00 ; R$ 3.960,00 ;22/05/2025;;;;Hospital MemorialLipo Safer (Abdômen, Flancos e costas)
Hospital Memorial;Lipo Safer (Abdômen, Flancos e Dorso) + Braço; R$ 6.360,00 ; R$ 6.360,00 ;09/07/2025;;;;Hospital MemorialLipo Safer (Abdômen, Flancos e Dorso) + Braço
Hospital Memorial;Lipo Safer (Abdômen E Flancos) +Enxertia; R$ 3.540,00 ; R$ 3.720,00 ;22/05/2025;;;;Hospital MemorialLipo Safer (Abdômen E Flancos) +Enxertia
Hospital Memorial;Lipo Safer (Abdômen E Flancos); R$ 2.640,00 ; R$ 2.640,00 ;22/05/2025;;;;Hospital MemorialLipo Safer (Abdômen E Flancos)
Hospital Memorial;Lipo Safer (Abdômen, Flancos E Costas) + Enxertia +Abdominoplastia; R$ 6.800,00 ; R$ 6.800,00 ;22/05/2025;;;;Hospital MemorialLipo Safer (Abdômen, Flancos E Costas) + Enxertia +Abdominoplastia
Hospital Memorial;Lipo Safer (Abdômen, Flancos ) Abdominoplastia; R$ 5.280,00 ; R$ 5.280,00 ;22/05/2025;;;;Hospital MemorialLipo Safer (Abdômen, Flancos ) Abdominoplastia
Hospital Memorial;Lipo  Safer (360° - Abdome // Flancos // Lombar); R$ 3.960,00 ; R$ 3.960,00 ;;;;;
Hospital Memorial;Dorsoplastia; R$ 3.600,00 ; R$ 3.600,00 ;09/07/2025;;;;Hospital MemorialDorsoplastia
Hospital Memorial;Minidermo; R$ 3.240,00 ; R$ 3.240,00 ;09/07/2025;;;;Hospital MemorialMinidermo
Hospital Memorial;Pequena cirurgia sem internação ; R$ 2.000,00 ; R$ 2.000,00 ;09/07/2025;;;;Hospital MemorialPequena cirurgia sem internação 
Hospital Memorial;Mamoplastia Redutora; R$ 3.360,00 ; R$ 3.360,00 ;;;;;
Hospital Memorial;Mamoplastia Redutora Com Prótese + Lipo de Axila; R$ 4.380,00 ; R$ 4.380,00 ;;;;;Hospital MemorialMamoplastia Redutora Com Prótese + Lipo de Axila
Hospital Memorial;Mamoplastia Redutora Com Prótese; R$ 3.360,00 ; R$ 3.360,00 ;;;;;Hospital MemorialMamoplastia Redutora Com Prótese
Hospital Memorial;Mastopexia Com Protese Multiplanos Em L; R$ 3.360,00 ; R$ 3.360,00 ;09/07/2025;;;;Hospital MemorialMastopexia Com Protese Multiplanos Em L
Hospital Memorial;Mamoplastia De Aumento Submuscular Estruturada; R$ 3.360,00 ; R$ 3.360,00 ;;;;;Hospital MemorialMamoplastia De Aumento Submuscular Estruturada
Hospital Memorial;Mamoplastia De Aumento; R$ 3.360,00 ; R$ 3.360,00 ;09/07/2025;;;;Hospital MemorialMamoplastia De Aumento
Hospital Memorial;Mamoplastia Redutora; R$ 3.360,00 ; R$ 3.360,00 ;09/07/2025;;;;Hospital MemorialMamoplastia Redutora
Hospital Memorial;Mastopexia Com Prótese; R$ 3.360,00 ; R$ 3.360,00 ;09/07/2025;;;;Hospital MemorialMastopexia Com Prótese
Hospital Memorial;Mastopexia Sem Prótese; R$ 3.360,00 ; R$ 3.360,00 ;09/07/2025;;;;Hospital MemorialMastopexia Sem Prótese
Hospital Memorial;Mentoplastia; R$ 3.200,00 ; R$ 3.200,00 ;09/07/2025;;;;Hospital MemorialMentoplastia
Hospital Memorial;Flancoplastia; R$ 3.240,00 ; R$ 3.240,00 ;09/07/2025;;;;Hospital MemorialFlancoplastia
Hospital Memorial;Ginecomastia; R$ 2.900,00 ; R$ 2.900,00 ;09/07/2025;;;;Hospital MemorialGinecomastia
Hospital Memorial;Ginecomastia Com Lipo De Peitoral; R$ 2.900,00 ; R$ 2.900,00 ;;;;;Hospital MemorialGinecomastia Com Lipo De Peitoral
Hospital Memorial;Cervicoplastia (Pescoço); R$ 3.240,00 ; R$ 3.240,00 ;09/07/2025;;;;Hospital MemorialCervicoplastia (Pescoço)
Hospital Memorial;Abdominoplastia; R$ 3.960,00 ; R$ 3.960,00 ;09/07/2025;;;;Hospital MemorialAbdominoplastia
Hospital Memorial;Abdominoplastia + Lipo de Cintura; R$ 6.360,00 ; R$ 6.360,00 ;09/07/2027;;;;Hospital MemorialAbdominoplastia + Lipo de Cintura
Hospital Memorial;Abdominoplastia Em Ancora; R$ 3.960,00 ; R$ 3.960,00 ;;;;;Hospital MemorialAbdominoplastia Em Ancora
Hospital Memorial;Miniabdominoplastia; R$ 3.960,00 ; R$ 3.960,00 ;22/05/2025; OBS.: Milene ira verificar o valor ;;;Hospital MemorialMiniabdominoplastia
Hospital Memorial;Face completa; R$ 4.560,00 ; R$ 4.560,00 ;09/07/2025;;;;
Hospital Memorial;Lipo de Axila; R$ 2.040,00 ; R$ 2.040,00 ;09/07/2025;;;;Hospital MemorialLipo de Axila
Hospital Memorial;Lipoaspiração; R$ 2.640,00 ; R$ 2.640,00 ;09/07/2025;;;;Hospital MemorialLipoaspiração
Hospital Memorial;Lipo Pequena de Cintura (realizado com outro procedimento); R$ 2.400,00 ; R$ 2.400,00 ;09/07/2025;;;;Hospital MemorialLipo Pequena de Cintura (realizado com outro procedimento)
Hospital Memorial;Lipoaspiração De Papada; R$ 2.640,00 ; R$ 2.640,00 ;22/05/2025;;;;Hospital MemorialLipoaspiração De Papada
Hospital Memorial;Lipoaspiracão Pequena (Ex: Braços Ou Coxas Ou Axilas + Torax); R$ 3.880,00 ; R$ 3.880,00 ;22/05/2025;;;;Hospital MemorialLipoaspiracão Pequena (Ex: Braços Ou Coxas Ou Axilas + Torax)
Hospital Memorial;Lipoaspiração De Abdome Sem Enxertia; R$ 2.640,00 ; R$ 2.640,00 ;22/05/2025;;;;Hospital MemorialLipoaspiração De Abdome Sem Enxertia
Hospital Memorial;Lipoaspiração De Abdome Com Enxertia; R$ 3.720,00 ; R$ 3.720,00 ;22/05/2025;;;;Hospital MemorialLipoaspiração De Abdome Com Enxertia
Hospital Memorial;Lipoaspiracão De Abdome E Dorso Sem Enxertia; R$ 5.040,00 ; R$ 5.040,00 ;22/05/2025;;;;Hospital MemorialLipoaspiracão De Abdome E Dorso Sem Enxertia
Hospital Memorial;Lipoaspiracão De Abdome E Dorso Com Enxertia; R$ 5.280,00 ; R$ 5.280,00 ;22/05/2025;;;;Hospital MemorialLipoaspiracão De Abdome E Dorso Com Enxertia
Hospital Memorial;Otoplastia; R$ 2.400,00 ; R$ 2.400,00 ;09/07/2025;;;;Hospital MemorialOtoplastia
Hospital Memorial;Blefaroplastia Superior; R$ 1.800,00 ; R$ 1.800,00 ;09/07/2025;;;;Hospital MemorialBlefaroplastia Superior
Hospital Memorial;Blefaroplastia Inferior; R$ 1.800,00 ; R$ 1.800,00 ;09/07/2025;;;;Hospital MemorialBlefaroplastia Inferior
Hospital Memorial;Blefaroplastia Superior e Inferior; R$ 2.700,00 ; R$ 2.700,00 ;09/07/2025;;;;Hospital MemorialBlefaroplastia Superior e Inferior
Hospital Memorial;Blefaroplastia Superior + Inferior + Cantopexia Ou Cantoplastia; R$ 2.700,00 ; R$ 2.700,00 ;22/05/2025;;;;Hospital MemorialBlefaroplastia Superior + Inferior + Cantopexia Ou Cantoplastia
Hospital Memorial;Braquioplastia; R$ 3.240,00 ; R$ 3.240,00 ;09/07/2025;;;;Hospital MemorialBraquioplastia
Hospital Memorial;Cruroplastia (Lifting de Coxas); R$ 3.240,00 ; R$ 3.240,00 ;09/07/2025;;;;Hospital MemorialCruroplastia (Lifting de Coxas)
Hospital Memorial;Enxertia de Gluteo; R$ 2.160,00 ; R$ 2.160,00 ;09/07/2025;;;;Hospital MemorialEnxertia de Gluteo
Hospital Memorial;Lifting Facial; R$ 4.560,00 ; R$ 4.560,00 ;22/05/2025;;;;Hospital MemorialLifting Facial
Hospital Memorial;Protese de Mama; R$ 2.640,00 ; R$ 2.640,00 ;09/07/2025;;;;Hospital MemorialProtese de Mama
Hospital Memorial;Protese de Gluteo; R$ 3.600,00 ; R$ 3.600,00 ;09/07/2025;;;;Hospital MemorialProtese de Gluteo
Hospital Memorial;Rinoplastia; R$ 2.640,00 ; R$ 2.640,00 ;09/07/2025;;;;Hospital MemorialRinoplastia
Hospital Memorial;Rinoplastia Com Cartilagem Costal; R$ 2.640,00 ; R$ 2.640,00 ;;;;;Hospital MemorialRinoplastia Com Cartilagem Costal
Hospital Memorial;Ninfoplastia; R$ 3.240,00 ; R$ 3.240,00 ;09/07/2025;;;;Hospital MemorialNinfoplastia
Hospital Cirurgia Plastica;Abdominoplastia + Lipo de Cintura; R$ 4.700,00 ; R$ 4.700,00 ;04/08/2025;;;;Hospital Cirurgia PlasticaAbdominoplastia + Lipo de Cintura
Hospital Cirurgia Plastica;Mamoplastia Sem Protese; R$ 3.400,00 ; R$ 3.400,00 ;04/08/2025;;;;Hospital Cirurgia PlasticaMamoplastia Sem Protese
Hospital Cirurgia Plastica;Mamoplastia Com Protese; R$ 3.400,00 ; R$ 3.400,00 ;04/08/2025;;;;Hospital Cirurgia PlasticaMamoplastia Com Protese
Hospital Cirurgia Plastica;Lipoescultura; R$ 5.390,00 ; R$ 5.390,00 ;04/08/2025;;;;Hospital Cirurgia PlasticaLipoescultura
Anestesista Salvador;Lipoescultura; R$ 4.000,00 ; R$ 4.000,00 ;04/08/2025;;;;Anestesista SalvadorLipoescultura
Anestesista Salvador;Abdominoplastia + Lipo de Cintura; R$ 2.000,00 ; R$ 2.000,00 ;04/08/2025;;;;Anestesista SalvadorAbdominoplastia + Lipo de Cintura
Anestesista Salvador;Mamoplastia Sem Protese; R$ 1.950,00 ; R$ 1.950,00 ;04/08/2025;;;;Anestesista SalvadorMamoplastia Sem Protese
Anestesista Salvador;Mamoplastia Com Protese; R$ 1.950,00 ; R$ 1.950,00 ;04/08/2025;;;;Anestesista SalvadorMamoplastia Com Protese
Corpus Cirurgica;Sutia Sicostura Lav. ; R$ 200,00 ; R$ 91,00 ;30/07/2025;;;;Corpus CirurgicaSutia Sicostura Lav. 
Corpus Cirurgica;Cinta Macaquinho ; R$ 450,00 ; R$ 198,00 ;30/07/2025;;;;Corpus CirurgicaCinta Macaquinho 
Corpus Cirurgica;Meia Compressiva; R$ 120,00 ; R$ 84,00 ;30/07/2025;;;;Corpus CirurgicaMeia Compressiva
Corpus Cirurgica;Kit Placas ; R$ 330,00 ; R$ 222,00 ;30/07/2025;;;;Corpus CirurgicaKit Placas 
Motiva Implantes Brasil;Prótese ; R$ 3.600,00 ; R$ 3.200,00 ;23/05/2025;;;;Motiva Implantes BrasilPrótese 
Doron;RENUVION,ARGO4; R$ 8.000,00 ; R$ 8.000,00 ;23/05/2025;;;;DoronRENUVION,ARGO4
Doron;Protetor / Tala Cóccix 30x35 cm; R$ 190,00 ; R$ 160,00 ;23/05/2025;;;;DoronProtetor / Tala Cóccix 30x35 cm
Doron;Meia de compressão antitrombo; R$ 150,00 ; R$ 120,00 ;09/07/2025;;;;DoronMeia de compressão antitrombo
Doron;Macaquinho Pós Cirúrgico; R$ 500,00 ; R$ 400,00 ;23/05/2025;;;;DoronMacaquinho Pós Cirúrgico
Doron;Kit de placas pós cirúrgico; R$ 330,00 ; R$ 280,00 ;23/05/2025;;;;DoronKit de placas pós cirúrgico
Doron;Fita adesiva pós cirúrgica; R$ 85,00 ; R$ 69,00 ;23/05/2025;;;;DoronFita adesiva pós cirúrgica
Noxx;Clexane; R$ 45,00 ; R$ 30,00 ;23/05/2025;;;;NoxxClexane
Doron;Bota de Compressão Pneumática; R$ 300,00 ; R$ 300,00 ;23/05/2025;;;;DoronBota de Compressão Pneumática
Doron;Sutiã pós cirúrgico; R$ 200,00 ; R$ 165,00 ;23/05/2025;;;;DoronSutiã pós cirúrgico
Doron;Tala dorsal cóccix semi rígida 19x32 cm; R$ 150,00 ; R$ 120,00 ;23/05/2025;;;;DoronTala dorsal cóccix semi rígida 19x32 cm
Doron;Cola; R$ 1.187,50 ; R$ 950,00 ;09/07/2025;;;;DoronCola
Maria Luiza Reis;10 Sessões + Intraoperatório Mama; R$ 1.968,75 ; R$ 1.575,00 ;23/05/2025;;;;Maria Luiza Reis10 Sessões + Intraoperatório Mama
Maria Luiza Reis;5 Sessões + Intraoperatório Mama; R$ 1.250,00 ; R$ 1.000,00 ;23/05/2025;;;;Maria Luiza Reis5 Sessões + Intraoperatório Mama
Maria Luiza Reis;10 Sessões + Intraoperatório Corporal; R$ 2.500,00 ; R$ 2.000,00 ;23/05/2025;;;;Maria Luiza Reis10 Sessões + Intraoperatório Corporal
Beatriz Vidal;Pós Operatório Lipo + Mastopexia; R$ 2.800,00 ; R$ 2.500,00 ;23/05/2025;;;;Beatriz VidalPós Operatório Lipo + Mastopexia
Beatriz Vidal;Pós Operatorio Lipoabdominoplastia 5 Sessões; R$ 2.800,00 ; R$ 2.500,00 ;23/05/2025;;;;Beatriz VidalPós Operatorio Lipoabdominoplastia 5 Sessões
Beatriz Vidal;Pós Operatorio Mama 5 Sessões; R$ 2.500,00 ; R$ 2.000,00 ;23/05/2025;;;;Beatriz VidalPós Operatorio Mama 5 Sessões
Marilia Gabriela;Pós Operatório Mama 5 Sessões; R$ 1.000,00 ; R$ 500,00 ;23/05/2025;;;;Marilia GabrielaPós Operatório Mama 5 Sessões
Marilia Gabriela;Pós Operatório Lipoescultura + Abdomên 12 Sessões; R$ 2.000,00 ; R$ 1.400,00 ;23/05/2025;;;;Marilia GabrielaPós Operatório Lipoescultura + Abdomên 12 Sessões
Instrumentação Joana Cariri;Instrumentação abdominoplastia; R$ 400,00 ; R$ 400,00 ;23/05/2025;;;;Instrumentação Joana CaririInstrumentação abdominoplastia
Instrumentação Joana Cariri;Instrumentação abdominoplastia + lipoescultura + com ou sem enxertia de glúteo; R$ 750,00 ; R$ 750,00 ;23/05/2025;;;;Instrumentação Joana CaririInstrumentação abdominoplastia + lipoescultura + com ou sem enxertia de glúteo
Instrumentação Joana Cariri;Instrumentação blefaroplastia inferior; R$ 400,00 ; R$ 400,00 ;23/05/2025;;;;Instrumentação Joana CaririInstrumentação blefaroplastia inferior
Instrumentação Joana Cariri;Instrumentação blefaroplastia superior; R$ 400,00 ; R$ 400,00 ;23/05/2025;;;;Instrumentação Joana CaririInstrumentação blefaroplastia superior
Instrumentação Joana Cariri;Instrumentação Lipo de Cintura + Abdominoplastia; R$ 750,00 ; R$ 750,00 ;23/05/2025;;;;Instrumentação Joana CaririInstrumentação Lipo de Cintura + Abdominoplastia
Instrumentação Joana Cariri;Instrumentação lipoescultura ; R$ 750,00 ; R$ 750,00 ;24/07/2025;;;;Instrumentação Joana CaririInstrumentação lipoescultura 
Instrumentação Joana Cariri;Instrumentação lipoescultura + enxertia de glúteo; R$ 700,00 ; R$ 700,00 ;23/05/2025;;;;Instrumentação Joana CaririInstrumentação lipoescultura + enxertia de glúteo
Instrumentação Joana Cariri;Instrumentação mamoplastia de aumento; R$ 350,00 ; R$ 350,00 ;27/05/2025;;;;Instrumentação Joana CaririInstrumentação mamoplastia de aumento
Instrumentação Joana Cariri;Instrumentação mamoplastia redutora; R$ 550,00 ; R$ 550,00 ;23/05/2025;;;;Instrumentação Joana CaririInstrumentação mamoplastia redutora
Instrumentação Joana Cariri;Instrumentação mastopexia com prótese; R$ 550,00 ; R$ 550,00 ;23/05/2025;;;;Instrumentação Joana CaririInstrumentação mastopexia com prótese
Instrumentação Joana Cariri;Instrumentação Mastopexia sem prótese; R$ 550,00 ; R$ 550,00 ;23/05/2025;;;;Instrumentação Joana CaririInstrumentação Mastopexia sem prótese
Instrumentação Joana Cariri;Instrumentação ninfoplastia pequenos lábios; R$ 400,00 ; R$ 400,00 ;23/05/2025;;;;Instrumentação Joana CaririInstrumentação ninfoplastia pequenos lábios
Instrumentação Joana Cariri;Instrumentação otoplastia; R$ 400,00 ; R$ 400,00 ;23/05/2025;;;;Instrumentação Joana CaririInstrumentação otoplastia
Instrumentação Joana Cariri;Instrumentação rinoplastia; R$ 400,00 ; R$ 400,00 ;23/05/2025;;;;Instrumentação Joana CaririInstrumentação rinoplastia
Ananda Cantolino;Consulta; R$ 500,00 ; R$ 200,00 ;21/07/2025;;;;Ananda CantolinoConsulta
Ananda Cantolino;Mamoplastia de aumento; R$ 16.000,00 ; R$ 8.050,00 ;21/07/2025;;;;Ananda CantolinoMamoplastia de aumento
Ananda Cantolino;Mamoplastia redutora; R$ 22.000,00 ; R$ 11.500,00 ;21/07/2025;;;;Ananda CantolinoMamoplastia redutora
Ananda Cantolino;Mastopexia com Prótese; R$ 22.000,00 ; R$ 11.500,00 ;21/07/2025;;;;Ananda CantolinoMastopexia com Prótese
Ananda Cantolino;Mastopexia sem Prótese; R$ 22.000,00 ; R$ 11.500,00 ;21/07/2025;;;;Ananda CantolinoMastopexia sem Prótese
Ananda Cantolino;Mamoplastia pós Bariatrica; R$ 25.000,00 ; R$ 12.075,00 ;21/07/2025;;;;Ananda CantolinoMamoplastia pós Bariatrica
Ananda Cantolino;Ginecomastia Pequena (Simon 1 ou 2A); R$ 15.000,00 ; R$ 8.050,00 ;21/07/2025;;;;Ananda CantolinoGinecomastia Pequena (Simon 1 ou 2A)
Ananda Cantolino;Ginecomastia Grande (Simon 2B ou 3); R$ 18.000,00 ; R$ 11.500,00 ;21/07/2025;;;;Ananda CantolinoGinecomastia Grande (Simon 2B ou 3)
Ananda Cantolino;Lipoaspiracão De Axilas Associada À Mamoplastia Ou Mastopexia; R$ 3.000,00 ; R$ 1.725,00 ;21/07/2025;;;;Ananda CantolinoLipoaspiracão De Axilas Associada À Mamoplastia Ou Mastopexia
Ananda Cantolino;Abdominoplastia; R$ 20.000,00 ; R$ 10.350,00 ;21/07/2025;;;;Ananda CantolinoAbdominoplastia
Ananda Cantolino;Abdominoplastia Pós Bariátrica; R$ 25.000,00 ; R$ 11.500,00 ;21/07/2025;;;;Ananda CantolinoAbdominoplastia Pós Bariátrica
Ananda Cantolino;Mini Abdominoplastia; R$ 16.000,00 ; R$ 8.050,00 ;21/07/2025;;;;Ananda CantolinoMini Abdominoplastia
Ananda Cantolino;Lipoaspiracão Anterior; R$ 20.000,00 ; R$ 9.200,00 ;21/07/2025;;;;Ananda CantolinoLipoaspiracão Anterior
Ananda Cantolino;Lipoaspiracão Anterior E Posterior; R$ 25.000,00 ; R$ 13.800,00 ;21/07/2025;;;;Ananda CantolinoLipoaspiracão Anterior E Posterior
Ananda Cantolino;Lipoescultura (Lipoaspiracão + Lipoenxertia Glútea); R$ 28.000,00 ; R$ 16.100,00 ;21/07/2025;;;;Ananda CantolinoLipoescultura (Lipoaspiracão + Lipoenxertia Glútea)
Ananda Cantolino;Otoplastia; R$ 12.000,00 ; R$ 8.050,00 ;21/07/2025;;;;Ananda CantolinoOtoplastia
Ananda Cantolino;Blefaroplastia Superior; R$ 9.000,00 ; R$ 6.900,00 ;21/07/2025;;;;Ananda CantolinoBlefaroplastia Superior
Ananda Cantolino;Blefaroplastia Superior + Inferior; R$ 12.000,00 ; R$ 8.050,00 ;21/07/2025;;;;Ananda CantolinoBlefaroplastia Superior + Inferior
Ananda Cantolino;Blefaroplastia Superior + Inferior + Cantopexia Ou Cantoplastia; R$ 15.000,00 ; R$ 9.200,00 ;21/07/2025;;;;Ananda CantolinoBlefaroplastia Superior + Inferior + Cantopexia Ou Cantoplastia
Ananda Cantolino;Lipoaspiracão De Papada; R$ 8.000,00 ; R$ 4.600,00 ;21/07/2025;;;;Ananda CantolinoLipoaspiracão De Papada
Ananda Cantolino;Braquioplastia (Lifting de Braço); R$ 20.000,00 ; R$ 11.500,00 ;21/07/2025;;;;Ananda CantolinoBraquioplastia (Lifting de Braço)
Ananda Cantolino;Cruroplastia (Lifting de Coxas); R$ 25.000,00 ; R$ 13.800,00 ;21/07/2025;;;;Ananda CantolinoCruroplastia (Lifting de Coxas)
Ananda Cantolino;Ninfoplastia; R$ 15.000,00 ; R$ 9.200,00 ;21/07/2025;;;;Ananda CantolinoNinfoplastia
Ananda Cantolino;Mamoplastia De Aumento + Lipoescultura; R$ 40.000,00 ; R$ 18.400,00 ;21/07/2025;;;;Ananda CantolinoMamoplastia De Aumento + Lipoescultura
Ananda Cantolino;Mamoplastia De Aumento + Abdominoplastia; R$ 35.000,00 ; R$ 17.250,00 ;21/07/2025;;;;Ananda CantolinoMamoplastia De Aumento + Abdominoplastia
Ananda Cantolino;Abdominoplastia + Hérnia Umbilical; R$ 22.000,00 ; R$ 11.500,00 ;21/07/2025;;;;Ananda CantolinoAbdominoplastia + Hérnia Umbilical
Ananda Cantolino;Mamoplastia De Aumento + Abdominoplastia + Lipoescultura; R$ 55.000,00 ; R$ 27.600,00 ;21/07/2025;;;;Ananda CantolinoMamoplastia De Aumento + Abdominoplastia + Lipoescultura
Ananda Cantolino;Abdominoplastia + Lipoaspiracão Anterior; R$ 35.000,00 ; R$ 16.100,00 ;21/07/2025;;;;Ananda CantolinoAbdominoplastia + Lipoaspiracão Anterior
Ananda Cantolino;Abdominoplastia + Lipoaspiracão Anterior E Posterior; R$ 45.000,00 ; R$ 20.700,00 ;21/07/2025;;;;Ananda CantolinoAbdominoplastia + Lipoaspiracão Anterior E Posterior
Ananda Cantolino;Abdominoplastia + Lipoescultura; R$ 50.000,00 ; R$ 23.000,00 ;21/07/2025;;;;Ananda CantolinoAbdominoplastia + Lipoescultura
Ananda Cantolino;Mini Abdominoplastia + Lipoescultura; R$ 40.000,00 ; R$ 20.700,00 ;21/07/2025;;;;Ananda CantolinoMini Abdominoplastia + Lipoescultura
Ricardo Arcanjo;Retirada De Vesícula - Colecistectomia Vídeo; R$ 3.800,00 ; R$ 3.500,00 ;19/08/2025;;;;Ricardo ArcanjoRetirada De Vesícula - Colecistectomia Vídeo
Ricardo Arcanjo;Herniorrafia Inguinal Unilateral Aberta - Para Hérnias Na Virilha; R$ 4.500,00 ; R$ 3.000,00 ;19/08/2025;;;;Ricardo ArcanjoHerniorrafia Inguinal Unilateral Aberta - Para Hérnias Na Virilha
Ricardo Arcanjo;Herniorrafia Umbilical - Para Hérnia No Umbigo; R$ 3.800,00 ; R$ 2.800,00 ;19/08/2025;;;;Ricardo ArcanjoHerniorrafia Umbilical - Para Hérnia No Umbigo
Ricardo Arcanjo;Cirurgia Bariátrica; R$ 11.000,00 ; R$ 9.000,00 ;19/08/2025;;;;Ricardo ArcanjoCirurgia Bariátrica
Ricardo Arcanjo;Herniorrafia Inguinal Vídeo - Hérnias Na Virilha Por Vídeo; R$ 4.000,00 ; R$ 3.200,00 ;19/08/2025;;;;Ricardo ArcanjoHerniorrafia Inguinal Vídeo - Hérnias Na Virilha Por Vídeo
Luiz Henrique;Postectomia ; R$ 1.500,00 ; R$ 3.000,00 ;19/08/2025;;;;Luiz HenriquePostectomia 
Luiz Henrique;Correção De Hidrocele ; R$ 2.000,00 ; R$ 3.500,00 ;19/08/2025;;;;Luiz HenriqueCorreção De Hidrocele 
Luiz Henrique;Reversao De Vasectomia ; R$ 8.000,00 ; R$ 9.500,00 ;19/08/2025;;;;Luiz HenriqueReversao De Vasectomia 
Luiz Henrique;Captação De Espermatozoide Microcirurgia- Pesa/Microtese; R$ 4.000,00 ; R$ 5.500,00 ;19/08/2025;;;;Luiz HenriqueCaptação De Espermatozoide Microcirurgia- Pesa/Microtese
Luiz Henrique;Uretrotomia Interna ; R$ 3.000,00 ; R$ 4.500,00 ;19/08/2025;;;;Luiz HenriqueUretrotomia Interna 
Luiz Henrique;Sling Transobturatorio  ; R$ 3.000,00 ; R$ 4.500,00 ;19/08/2025;;;;Luiz HenriqueSling Transobturatorio  
Luiz Henrique;Consulta; R$ 400,00 ; R$ 300,00 ;19/08/2025;;;;Luiz HenriqueConsulta
Kleber Garcia;Histerectomia Total- Tumores Malignos ; R$ 14.000,00 ; R$ 11.200,00 ;19/08/2025;;;;Kleber GarciaHisterectomia Total- Tumores Malignos 
Kleber Garcia;Histerectomia Total - Doença Benigna D1372; R$ 10.000,00 ; R$ 8.000,00 ;19/08/2025;;;;Kleber GarciaHisterectomia Total - Doença Benigna D1372
Kleber Garcia;Colectomia Parcial; R$ 15.000,00 ; R$ 12.000,00 ;19/08/2025;;;;Kleber GarciaColectomia Parcial
Kleber Garcia;Retossigmoidectomia; R$ 18.000,00 ; R$ 14.400,00 ;19/08/2025;;;;Kleber GarciaRetossigmoidectomia
Kleber Garcia;Gastrectomia Parcial  ; R$ 14.000,00 ; R$ 11.200,00 ;19/08/2025;;;;Kleber GarciaGastrectomia Parcial  
Kleber Garcia;Gastrectomia Total ; R$ 18.000,00 ; R$ 14.400,00 ;19/08/2025;;;;Kleber GarciaGastrectomia Total 
Kleber Garcia;Ressecção De Tumores De Pâncreas; R$ 16.000,00 ; R$ 12.800,00 ;19/08/2025;;;;Kleber GarciaRessecção De Tumores De Pâncreas
Kleber Garcia;Ressecção De Tumores De Pele Pequenos ( Por Cada Tumor ): ; R$ 4.000,00 ; R$ 3.200,00 ;19/08/2025;;;;Kleber GarciaRessecção De Tumores De Pele Pequenos ( Por Cada Tumor ): 
Kleber Garcia;"Ressecção De Tumores De Pele Grandes ( Por Cada Tumor ); "; R$ 6.000,00 ; R$ 4.800,00 ;19/08/2025;;;;"Kleber GarciaRessecção De Tumores De Pele Grandes ( Por Cada Tumor ); "
Kleber Garcia;Ressecção De Grande Tumorações Abdominais ( Doenças Variadas ):; R$ 16.000,00 ; R$ 12.800,00 ;19/08/2025;;;;Kleber GarciaRessecção De Grande Tumorações Abdominais ( Doenças Variadas ):
Heron Silveira;Pacote Ginecologico; R$ 900,00 ; R$ 500,00 ;26/06/2025;;;;Heron SilveiraPacote Ginecologico
Heron Silveira;Biopsia Do Colo; R$ 550,00 ; R$ 350,00 ;26/06/2025;;;;Heron SilveiraBiopsia Do Colo
Heron Silveira;Consulta Pré Procedimento; R$ 450,00 ; R$ 250,00 ;26/06/2025;;;;Heron SilveiraConsulta Pré Procedimento
Heron Silveira;Fraxx; R$ 2.000,00 ; R$ 1.300,00 ;26/06/2025;;;;Heron SilveiraFraxx
Heron Silveira;Implanon; R$ 2.000,00 ; R$ 1.300,00 ;26/06/2025;;;;Heron SilveiraImplanon
Heron Silveira;Parto Cesárea; R$ 3.500,00 ; R$ 2.600,00 ;26/06/2025;;;;Heron SilveiraParto Cesárea
Heron Silveira;Ninfoplastia; R$ 3.500,00 ; R$ 2.500,00 ;26/06/2025;;;;Heron SilveiraNinfoplastia
Heron Silveira;Histeroscopia Diagnóstica Com Biópsia; R$ 2.150,00 ; R$ 950,00 ;26/06/2025;;;;Heron SilveiraHisteroscopia Diagnóstica Com Biópsia
Heron Silveira;Estudo Urodinâmico; R$ 700,00 ; R$ 500,00 ;26/06/2025;;;;Heron SilveiraEstudo Urodinâmico
Heron Silveira;Parto-Pediatra; R$ 800,00 ; R$ 800,00 ;26/06/2025;;;;Heron SilveiraParto-Pediatra
;;;;;;;;
